<ImportExportXml version="5.0.9690.3731" minimumversion="5.0" languagecode="1033" generatedBy="OnPremise" xmlns:xsi="http://www.w3.org/2001/XMLSchema-instance">
  <SolutionManifest>
    <UniqueName>Case_sublime</UniqueName>
    <LocalizedNames>
      <LocalizedName description="Case_sublime" languagecode="1033" />
    </LocalizedNames>
    <Descriptions />
    <Version>1.0.0.0</Version>
    <Managed>0</Managed>
    <Publisher>
      <UniqueName>DefaultPublisherUnizapDev</UniqueName>
      <LocalizedNames>
        <LocalizedName description="Default Publisher for UnizapDev" languagecode="1033" />
      </LocalizedNames>
      <Descriptions>
        <Description description="Default publisher for this organization" languagecode="1033" />
      </Descriptions>
      <EMailAddress xsi:nil="true"></EMailAddress>
      <SupportingWebsiteUrl xsi:nil="true"></SupportingWebsiteUrl>
      <CustomizationPrefix>new</CustomizationPrefix>
      <CustomizationOptionValuePrefix>10000</CustomizationOptionValuePrefix>
      <Addresses>
        <Address>
          <AddressNumber>1</AddressNumber>
          <AddressTypeCode xsi:nil="true"></AddressTypeCode>
          <City xsi:nil="true"></City>
          <County xsi:nil="true"></County>
          <Country xsi:nil="true"></Country>
          <Fax xsi:nil="true"></Fax>
          <FreightTermsCode xsi:nil="true"></FreightTermsCode>
          <ImportSequenceNumber xsi:nil="true"></ImportSequenceNumber>
          <Latitude xsi:nil="true"></Latitude>
          <Line1 xsi:nil="true"></Line1>
          <Line2 xsi:nil="true"></Line2>
          <Line3 xsi:nil="true"></Line3>
          <Longitude xsi:nil="true"></Longitude>
          <Name xsi:nil="true"></Name>
          <PostalCode xsi:nil="true"></PostalCode>
          <PostOfficeBox xsi:nil="true"></PostOfficeBox>
          <PrimaryContactName xsi:nil="true"></PrimaryContactName>
          <ShippingMethodCode xsi:nil="true"></ShippingMethodCode>
          <StateOrProvince xsi:nil="true"></StateOrProvince>
          <Telephone1 xsi:nil="true"></Telephone1>
          <Telephone2 xsi:nil="true"></Telephone2>
          <Telephone3 xsi:nil="true"></Telephone3>
          <TimeZoneRuleVersionNumber xsi:nil="true"></TimeZoneRuleVersionNumber>
          <UPSZone xsi:nil="true"></UPSZone>
          <UTCOffset xsi:nil="true"></UTCOffset>
          <UTCConversionTimeZoneCode xsi:nil="true"></UTCConversionTimeZoneCode>
        </Address>
        <Address>
          <AddressNumber>2</AddressNumber>
          <AddressTypeCode xsi:nil="true"></AddressTypeCode>
          <City xsi:nil="true"></City>
          <County xsi:nil="true"></County>
          <Country xsi:nil="true"></Country>
          <Fax xsi:nil="true"></Fax>
          <FreightTermsCode xsi:nil="true"></FreightTermsCode>
          <ImportSequenceNumber xsi:nil="true"></ImportSequenceNumber>
          <Latitude xsi:nil="true"></Latitude>
          <Line1 xsi:nil="true"></Line1>
          <Line2 xsi:nil="true"></Line2>
          <Line3 xsi:nil="true"></Line3>
          <Longitude xsi:nil="true"></Longitude>
          <Name xsi:nil="true"></Name>
          <PostalCode xsi:nil="true"></PostalCode>
          <PostOfficeBox xsi:nil="true"></PostOfficeBox>
          <PrimaryContactName xsi:nil="true"></PrimaryContactName>
          <ShippingMethodCode xsi:nil="true"></ShippingMethodCode>
          <StateOrProvince xsi:nil="true"></StateOrProvince>
          <Telephone1 xsi:nil="true"></Telephone1>
          <Telephone2 xsi:nil="true"></Telephone2>
          <Telephone3 xsi:nil="true"></Telephone3>
          <TimeZoneRuleVersionNumber xsi:nil="true"></TimeZoneRuleVersionNumber>
          <UPSZone xsi:nil="true"></UPSZone>
          <UTCOffset xsi:nil="true"></UTCOffset>
          <UTCConversionTimeZoneCode xsi:nil="true"></UTCConversionTimeZoneCode>
        </Address>
      </Addresses>
    </Publisher>
    <RootComponents>
      <RootComponent type="1" schemaName="incident" />
      <RootComponent type="29" id="{791d7948-6c49-4029-a675-3b4765c3769e}" />
      <RootComponent type="29" id="{e722fcca-19f9-4dd0-b888-bcff5aff7f7f}" />
    </RootComponents>
    <MissingDependencies>
      <MissingDependency>
        <Required key="0" type="2" schemaName="new_county" displayName="County" parentSchemaName="contact" parentDisplayName="Contact" solution="Active" />
        <Dependent key="1" type="26" schemaName="Case View" displayName="Case View" parentSchemaName="incident" parentDisplayName="Case" id="{12fd51ff-2e94-df11-9bf6-001f29c97f76}" />
      </MissingDependency>
      <MissingDependency>
        <Required key="2" type="26" schemaName="Contract Line With Allotments" displayName="Contract Line With Allotments" parentSchemaName="contractdetail" parentDisplayName="Contract Line" solution="System" id="{8fa2705c-7e4c-4c0e-b611-4593b35a4c9e}" />
        <Dependent key="3" type="60" parentDisplayName="Case" id="{f658c846-f74c-459b-b591-b97558958106}" />
      </MissingDependency>
      <MissingDependency>
        <Required key="4" type="61" schemaName="new_Json" displayName="new_Json" solution="Active" />
        <Dependent key="3" type="60" parentDisplayName="Case" id="{f658c846-f74c-459b-b591-b97558958106}" />
      </MissingDependency>
      <MissingDependency>
        <Required key="5" type="61" schemaName="Incident_main_library.js" displayName="Incident_main_library.js" solution="Active" />
        <Dependent key="3" type="60" parentDisplayName="Case" id="{f658c846-f74c-459b-b591-b97558958106}" />
      </MissingDependency>
      <MissingDependency>
        <Required key="6" type="61" schemaName="new_jquery" displayName="new_jquery" solution="Active" />
        <Dependent key="3" type="60" parentDisplayName="Case" id="{f658c846-f74c-459b-b591-b97558958106}" />
      </MissingDependency>
    </MissingDependencies>
  </SolutionManifest>
</ImportExportXml>