<ImportExportXml xmlns:xsi="http://www.w3.org/2001/XMLSchema-instance">
  <Entities>
    <Entity>
      <Name LocalizedName="Case" OriginalName="Case">Incident</Name>
      <ObjectTypeCode>112</ObjectTypeCode>
      <EntityInfo>
        <entity Name="Incident">
          <LocalizedNames>
            <LocalizedName description="Case" languagecode="1033" />
          </LocalizedNames>
          <LocalizedCollectionNames>
            <LocalizedCollectionName description="Cases" languagecode="1033" />
          </LocalizedCollectionNames>
          <Descriptions>
            <Description description="Service request case associated with a contract." languagecode="1033" />
          </Descriptions>
          <attributes>
            <attribute PhysicalName="CaseOriginCode">
              <Type>picklist</Type>
              <Name>caseorigincode</Name>
              <LogicalName>caseorigincode</LogicalName>
              <RequiredLevel>none</RequiredLevel>
              <DisplayMask>ValidForAdvancedFind|ValidForForm|ValidForGrid</DisplayMask>
              <ImeMode>auto</ImeMode>
              <ValidForUpdateApi>1</ValidForUpdateApi>
              <ValidForReadApi>1</ValidForReadApi>
              <ValidForCreateApi>1</ValidForCreateApi>
              <IsCustomField>0</IsCustomField>
              <IsAuditEnabled>1</IsAuditEnabled>
              <IsSecured>0</IsSecured>
              <AppDefaultValue>-1</AppDefaultValue>
              <optionset Name="incident_caseorigincode">
                <OptionSetType>picklist</OptionSetType>
                <displaynames>
                  <displayname description="Case Origin" languagecode="1033" />
                </displaynames>
                <Descriptions>
                  <Description description="Information that specifies the source of the case information, such as Web, telephone, or e-mail." languagecode="1033" />
                </Descriptions>
                <options>
                  <option value="2">
                    <labels>
                      <label description="E-mail" languagecode="1033" />
                    </labels>
                  </option>
                  <option value="200000">
                    <labels>
                      <label description="Correspondence" languagecode="1033" />
                    </labels>
                  </option>
                  <option value="200001">
                    <labels>
                      <label description="Fax" languagecode="1033" />
                    </labels>
                  </option>
                  <option value="1">
                    <labels>
                      <label description="Phone" languagecode="1033" />
                    </labels>
                  </option>
                  <option value="3">
                    <labels>
                      <label description="Web" languagecode="1033" />
                    </labels>
                  </option>
                </options>
              </optionset>
              <displaynames>
                <displayname description="Case Origin" languagecode="1033" />
              </displaynames>
              <Descriptions>
                <Description description="Information that specifies the source of the case information, such as Web, telephone, or e-mail." languagecode="1033" />
              </Descriptions>
            </attribute>
            <attribute PhysicalName="New_ActionType">
              <Type>picklist</Type>
              <Name>new_actiontype</Name>
              <LogicalName>new_actiontype</LogicalName>
              <RequiredLevel>none</RequiredLevel>
              <DisplayMask>ValidForAdvancedFind|ValidForForm|ValidForGrid</DisplayMask>
              <ImeMode>auto</ImeMode>
              <ValidForUpdateApi>1</ValidForUpdateApi>
              <ValidForReadApi>1</ValidForReadApi>
              <ValidForCreateApi>1</ValidForCreateApi>
              <IsCustomField>1</IsCustomField>
              <IsAuditEnabled>1</IsAuditEnabled>
              <IsSecured>0</IsSecured>
              <IsCustomizable>1</IsCustomizable>
              <IsRenameable>1</IsRenameable>
              <CanModifySearchSettings>1</CanModifySearchSettings>
              <CanModifyRequirementLevelSettings>1</CanModifyRequirementLevelSettings>
              <CanModifyAdditionalSettings>1</CanModifyAdditionalSettings>
              <AppDefaultValue>-1</AppDefaultValue>
              <optionset Name="new_actiontype_incident">
                <OptionSetType>picklist</OptionSetType>
                <IsCustomizable>1</IsCustomizable>
                <displaynames>
                  <displayname description="Action Type" languagecode="1033" />
                </displaynames>
                <Descriptions>
                  <Description description="" languagecode="1033" />
                </Descriptions>
                <options>
                  <option value="10">
                    <labels>
                      <label description="Amicus Action" languagecode="1033" />
                    </labels>
                  </option>
                  <option value="11">
                    <labels>
                      <label description="Attorney/Legal Assistance Referral" languagecode="1033" />
                    </labels>
                  </option>
                  <option value="12">
                    <labels>
                      <label description="Consultation" languagecode="1033" />
                    </labels>
                  </option>
                  <option value="13">
                    <labels>
                      <label description="Defender Office Management" languagecode="1033" />
                    </labels>
                  </option>
                  <option value="1">
                    <labels>
                      <label description="Expert Referrals" languagecode="1033" />
                    </labels>
                  </option>
                  <option value="2">
                    <labels>
                      <label description="General Response" languagecode="1033" />
                    </labels>
                  </option>
                  <option value="3">
                    <labels>
                      <label description="Immigration Project Referral" languagecode="1033" />
                    </labels>
                  </option>
                  <option value="4">
                    <labels>
                      <label description="Legal Research" languagecode="1033" />
                    </labels>
                  </option>
                  <option value="14">
                    <labels>
                      <label description="Legal Materials" languagecode="1033" />
                    </labels>
                  </option>
                  <option value="5">
                    <labels>
                      <label description="Legislative Analysis" languagecode="1033" />
                    </labels>
                  </option>
                  <option value="15">
                    <labels>
                      <label description="Membership" languagecode="1033" />
                    </labels>
                  </option>
                  <option value="16">
                    <labels>
                      <label description="Non-Legal Research" languagecode="1033" />
                    </labels>
                  </option>
                  <option value="100000000">
                    <labels>
                      <label description="PDCMS Support" languagecode="1033" />
                    </labels>
                  </option>
                  <option value="7">
                    <labels>
                      <label description="Publications" languagecode="1033" />
                    </labels>
                  </option>
                  <option value="17">
                    <labels>
                      <label description="Technical Assistance" languagecode="1033" />
                    </labels>
                  </option>
                  <option value="8">
                    <labels>
                      <label description="Training Materials" languagecode="1033" />
                    </labels>
                  </option>
                  <option value="9">
                    <labels>
                      <label description="Training/MCLE" languagecode="1033" />
                    </labels>
                  </option>
                  <option value="6">
                    <labels>
                      <label description="Website Referral" languagecode="1033" />
                    </labels>
                  </option>
                </options>
              </optionset>
              <displaynames>
                <displayname description="Action Type" languagecode="1033" />
              </displaynames>
              <Descriptions>
                <Description description="" languagecode="1033" />
              </Descriptions>
            </attribute>
            <attribute PhysicalName="New_Answer">
              <Type>ntext</Type>
              <Name>new_answer</Name>
              <LogicalName>new_answer</LogicalName>
              <RequiredLevel>none</RequiredLevel>
              <DisplayMask>ValidForAdvancedFind|ValidForForm|ValidForGrid</DisplayMask>
              <ImeMode>auto</ImeMode>
              <ValidForUpdateApi>1</ValidForUpdateApi>
              <ValidForReadApi>1</ValidForReadApi>
              <ValidForCreateApi>1</ValidForCreateApi>
              <IsCustomField>1</IsCustomField>
              <IsAuditEnabled>1</IsAuditEnabled>
              <IsSecured>0</IsSecured>
              <IsCustomizable>1</IsCustomizable>
              <IsRenameable>1</IsRenameable>
              <CanModifySearchSettings>1</CanModifySearchSettings>
              <CanModifyRequirementLevelSettings>1</CanModifyRequirementLevelSettings>
              <CanModifyAdditionalSettings>1</CanModifyAdditionalSettings>
              <Format></Format>
              <MaxLength>2000</MaxLength>
              <displaynames>
                <displayname description="Answer" languagecode="1033" />
              </displaynames>
              <Descriptions>
                <Description description="Reponse to case issue or question" languagecode="1033" />
              </Descriptions>
            </attribute>
            <attribute PhysicalName="New_casenum">
              <Type>int</Type>
              <Name>new_casenum</Name>
              <LogicalName>new_casenum</LogicalName>
              <RequiredLevel>none</RequiredLevel>
              <DisplayMask>ValidForAdvancedFind|ValidForForm|ValidForGrid</DisplayMask>
              <ImeMode>auto</ImeMode>
              <ValidForUpdateApi>1</ValidForUpdateApi>
              <ValidForReadApi>1</ValidForReadApi>
              <ValidForCreateApi>1</ValidForCreateApi>
              <IsCustomField>1</IsCustomField>
              <IsAuditEnabled>1</IsAuditEnabled>
              <IsSecured>0</IsSecured>
              <IsCustomizable>1</IsCustomizable>
              <IsRenameable>1</IsRenameable>
              <CanModifySearchSettings>1</CanModifySearchSettings>
              <CanModifyRequirementLevelSettings>1</CanModifyRequirementLevelSettings>
              <CanModifyAdditionalSettings>1</CanModifyAdditionalSettings>
              <Format></Format>
              <MinValue>-2147483648</MinValue>
              <MaxValue>2147483647</MaxValue>
              <displaynames>
                <displayname description="casenum" languagecode="1033" />
              </displaynames>
              <Descriptions>
                <Description description="" languagecode="1033" />
              </Descriptions>
            </attribute>
            <attribute PhysicalName="New_NewField">
              <Type>picklist</Type>
              <Name>new_newfield</Name>
              <LogicalName>new_newfield</LogicalName>
              <RequiredLevel>none</RequiredLevel>
              <DisplayMask>ValidForAdvancedFind|ValidForForm|ValidForGrid</DisplayMask>
              <ImeMode>auto</ImeMode>
              <ValidForUpdateApi>1</ValidForUpdateApi>
              <ValidForReadApi>1</ValidForReadApi>
              <ValidForCreateApi>1</ValidForCreateApi>
              <IsCustomField>1</IsCustomField>
              <IsAuditEnabled>1</IsAuditEnabled>
              <IsSecured>0</IsSecured>
              <IsCustomizable>1</IsCustomizable>
              <IsRenameable>1</IsRenameable>
              <CanModifySearchSettings>1</CanModifySearchSettings>
              <CanModifyRequirementLevelSettings>1</CanModifyRequirementLevelSettings>
              <CanModifyAdditionalSettings>1</CanModifyAdditionalSettings>
              <AppDefaultValue>-1</AppDefaultValue>
              <optionset Name="new_newfield_incident">
                <OptionSetType>picklist</OptionSetType>
                <IsCustomizable>1</IsCustomizable>
                <displaynames>
                  <displayname description="New Field" languagecode="1033" />
                </displaynames>
                <Descriptions>
                  <Description description="" languagecode="1033" />
                </Descriptions>
                <options>
                  <option value="1">
                    <labels>
                      <label description="testval1" languagecode="1033" />
                    </labels>
                  </option>
                  <option value="2">
                    <labels>
                      <label description="testval2" languagecode="1033" />
                    </labels>
                  </option>
                </options>
              </optionset>
              <displaynames>
                <displayname description="New Field" languagecode="1033" />
              </displaynames>
              <Descriptions>
                <Description description="" languagecode="1033" />
              </Descriptions>
            </attribute>
            <attribute PhysicalName="New_RequestDate">
              <Type>datetime</Type>
              <Name>new_requestdate</Name>
              <LogicalName>new_requestdate</LogicalName>
              <RequiredLevel>none</RequiredLevel>
              <DisplayMask>ValidForAdvancedFind|ValidForForm|ValidForGrid</DisplayMask>
              <ImeMode>auto</ImeMode>
              <ValidForUpdateApi>1</ValidForUpdateApi>
              <ValidForReadApi>1</ValidForReadApi>
              <ValidForCreateApi>1</ValidForCreateApi>
              <IsCustomField>1</IsCustomField>
              <IsAuditEnabled>1</IsAuditEnabled>
              <IsSecured>0</IsSecured>
              <IsCustomizable>1</IsCustomizable>
              <IsRenameable>1</IsRenameable>
              <CanModifySearchSettings>1</CanModifySearchSettings>
              <CanModifyRequirementLevelSettings>1</CanModifyRequirementLevelSettings>
              <CanModifyAdditionalSettings>1</CanModifyAdditionalSettings>
              <Format>date</Format>
              <displaynames>
                <displayname description="Requested On" languagecode="1033" />
              </displaynames>
              <Descriptions>
                <Description description="Date of requested information" languagecode="1033" />
              </Descriptions>
            </attribute>
            <attribute PhysicalName="New_subject">
              <Type>picklist</Type>
              <Name>new_subject</Name>
              <LogicalName>new_subject</LogicalName>
              <RequiredLevel>none</RequiredLevel>
              <DisplayMask>ValidForAdvancedFind|ValidForForm|ValidForGrid</DisplayMask>
              <ImeMode>auto</ImeMode>
              <ValidForUpdateApi>1</ValidForUpdateApi>
              <ValidForReadApi>1</ValidForReadApi>
              <ValidForCreateApi>1</ValidForCreateApi>
              <IsCustomField>1</IsCustomField>
              <IsAuditEnabled>1</IsAuditEnabled>
              <IsSecured>0</IsSecured>
              <IsCustomizable>1</IsCustomizable>
              <IsRenameable>1</IsRenameable>
              <CanModifySearchSettings>1</CanModifySearchSettings>
              <CanModifyRequirementLevelSettings>1</CanModifyRequirementLevelSettings>
              <CanModifyAdditionalSettings>1</CanModifyAdditionalSettings>
              <AppDefaultValue>-1</AppDefaultValue>
              <optionset Name="new_subject_incident">
                <OptionSetType>picklist</OptionSetType>
                <IsCustomizable>1</IsCustomizable>
                <displaynames>
                  <displayname description="Requestor Type" languagecode="1033" />
                </displaynames>
                <Descriptions>
                  <Description description="" languagecode="1033" />
                </Descriptions>
                <options>
                  <option value="100000000">
                    <labels>
                      <label description="Query" languagecode="1033" />
                    </labels>
                  </option>
                  <option value="100000001">
                    <labels>
                      <label description="Service" languagecode="1033" />
                    </labels>
                  </option>
                  <option value="100000002">
                    <labels>
                      <label description="Delivery" languagecode="1033" />
                    </labels>
                  </option>
                  <option value="100000003">
                    <labels>
                      <label description="Maintenance" languagecode="1033" />
                    </labels>
                  </option>
                  <option value="100000004">
                    <labels>
                      <label description="Information" languagecode="1033" />
                    </labels>
                  </option>
                  <option value="100000005">
                    <labels>
                      <label description="Products" languagecode="1033" />
                    </labels>
                  </option>
                  <option value="100000006">
                    <labels>
                      <label description="Default Subject" languagecode="1033" />
                    </labels>
                  </option>
                </options>
              </optionset>
              <displaynames>
                <displayname description="Requestor Type" languagecode="1033" />
              </displaynames>
              <Descriptions>
                <Description description="" languagecode="1033" />
              </Descriptions>
            </attribute>
            <attribute PhysicalName="Title">
              <Type>nvarchar</Type>
              <Name>title</Name>
              <LogicalName>title</LogicalName>
              <RequiredLevel>required</RequiredLevel>
              <DisplayMask>ActivityRegardingName|QueueItemTitle|ActivityPointerRegardingName|PrimaryName|ValidForAdvancedFind|ValidForForm|ValidForGrid|RequiredForGrid</DisplayMask>
              <ImeMode>auto</ImeMode>
              <ValidForUpdateApi>1</ValidForUpdateApi>
              <ValidForReadApi>1</ValidForReadApi>
              <ValidForCreateApi>1</ValidForCreateApi>
              <IsCustomField>0</IsCustomField>
              <IsAuditEnabled>1</IsAuditEnabled>
              <IsSecured>0</IsSecured>
              <Format>text</Format>
              <MaxLength>200</MaxLength>
              <Length>400</Length>
              <displaynames>
                <displayname description="Title (Issue Overview)" languagecode="1033" />
              </displaynames>
              <Descriptions>
                <Description description="Issue overview (this is searchable field)" languagecode="1033" />
              </Descriptions>
            </attribute>
          </attributes>
          <IsDuplicateCheckSupported>1</IsDuplicateCheckSupported>
          <IsRequiredOffline>0</IsRequiredOffline>
          <IsCollaboration>1</IsCollaboration>
          <AutoRouteToOwnerQueue>1</AutoRouteToOwnerQueue>
          <IsConnectionsEnabled>1</IsConnectionsEnabled>
          <IsDocumentManagementEnabled>0</IsDocumentManagementEnabled>
          <OwnershipTypeMask>UserOwned</OwnershipTypeMask>
          <EntityMask>ActivityPointer</EntityMask>
          <IsAuditEnabled>0</IsAuditEnabled>
          <IsActivity>0</IsActivity>
          <ActivityTypeMask>CommunicationActivity</ActivityTypeMask>
          <IsActivityParty>1</IsActivityParty>
          <IsReplicated>1</IsReplicated>
          <IsReplicationUserFiltered>1</IsReplicationUserFiltered>
          <IsMailMergeEnabled>1</IsMailMergeEnabled>
          <IsVisibleInMobile>1</IsVisibleInMobile>
          <IsMapiGridEnabled>1</IsMapiGridEnabled>
          <IsReadingPaneEnabled>1</IsReadingPaneEnabled>
          <HasRelatedNotes>True</HasRelatedNotes>
          <HasRelatedActivities>True</HasRelatedActivities>
        </entity>
      </EntityInfo>
      <FormXml>
        <forms type="main">
          <systemform>
            <formid>{f658c846-f74c-459b-b591-b97558958106}</formid>
            <form enablerelatedinformation="true" relatedInformationCollapsed="false" shownavigationbar="true" solutionaction="Modified">
              <tabs>
                <tab verticallayout="true" id="{06a2992a-9cc9-41a5-8f37-d2b2214fdde1}" IsUserDefined="0" ordinalvalue="0" solutionaction="Modified">
                  <columns>
                    <column width="100%" id="0">
                      <sections>
                        <section showlabel="false" showbar="false" id="{51999b68-4b4c-439b-bb51-1b49edae03a9}" IsUserDefined="0" height="auto" locklevel="0" labelwidth="115" ordinalvalue="1" solutionaction="Modified">
                          <rows>
                            <row>
                              <cell colspan="2" id="{7aebc69c-c3bb-4489-a1f2-9faf3c8b363c}" showlabel="true" locklevel="0" ordinalvalue="10002" solutionaction="Modified">
                                <labels>
                                  <label description="Issue Overview" languagecode="1033" solutionaction="Modified" />
                                </labels>
                                <control id="title" classid="{4273EDBD-AC1D-40d3-9FB2-095C621B552D}" datafieldname="title" disabled="false" solutionaction="Modified" />
                              </cell>
                            </row>
                            <row>
                              <cell auto="false" showlabel="true" locklevel="0" rowspan="1" colspan="2" id="{82172fc9-a003-4203-87e6-73c8808ae942}" ordinalvalue="10001" solutionaction="Removed" />
                            </row>
                            <row>
                              <cell id="{a9859c32-0cdc-41b5-8e7e-3eb173cab4a8}" showlabel="true" locklevel="0" visible="false" ordinalvalue="10000" solutionaction="Modified">
                                <labels>
                                  <label description="Requestor Type" languagecode="1033" solutionaction="Modified" />
                                </labels>
                                <control id="subjectid" classid="{270BD3DB-D9AF-4782-9025-509E298DEC0A}" datafieldname="subjectid" disabled="false" solutionaction="Modified">
                                  <parameters solutionaction="Added">
                                    <AutoResolve>true</AutoResolve>
                                  </parameters>
                                </control>
                              </cell>
                              <cell auto="false" showlabel="true" locklevel="0" rowspan="1" colspan="1" id="{7f21a1bc-48b1-4423-860b-0efa5cfa7712}" ordinalvalue="20003" solutionaction="Removed" />
                            </row>
                            <row>
                              <cell auto="false" showlabel="true" locklevel="0" rowspan="1" colspan="1" id="{0653f522-18a7-41d4-a1ae-56164cb8b300}" ordinalvalue="10003" solutionaction="Modified" />
                              <cell auto="false" showlabel="true" locklevel="0" rowspan="1" colspan="1" id="{504fce47-f175-41d7-a747-27a0c9963acc}" ordinalvalue="20005" solutionaction="Removed" />
                            </row>
                            <row>
                              <cell showlabel="true" rowspan="1" colspan="1" id="{480a774f-4ff4-4e13-a74f-8eb36c1fa9e9}" ordinalvalue="20001" solutionaction="Added">
                                <labels>
                                  <label description="" languagecode="1033" />
                                </labels>
                              </cell>
                            </row>
                            <row>
                              <cell auto="false" showlabel="true" locklevel="0" rowspan="1" id="{ca91f4f2-6fc1-4f9f-8fec-033bbe108327}" ordinalvalue="20004" solutionaction="Added">
                                <labels>
                                  <label description="" languagecode="1033" />
                                </labels>
                                <control id="new_requestdate" classid="{5B773807-9FB2-42db-97C3-7A91EFF8ADFF}" datafieldname="new_requestdate" disabled="false" />
                              </cell>
                            </row>
                            <row>
                              <cell auto="true" showlabel="true" locklevel="0" rowspan="5" colspan="2" id="{4b9cf2e3-a355-43b9-bbd3-bb29423fa1c7}" ordinalvalue="10005" solutionaction="Added">
                                <labels>
                                  <label description="Issue/Question" languagecode="1033" />
                                </labels>
                                <control id="description" classid="{E0DECE4B-6FC8-4a8f-A065-082708572369}" datafieldname="description" disabled="false" />
                              </cell>
                            </row>
                            <row>
                              <cell auto="false" showlabel="true" locklevel="0" rowspan="4" colspan="2" id="{42af870c-4567-4449-b617-5bec20e31bcf}" ordinalvalue="10006" solutionaction="Added">
                                <labels>
                                  <label description="" languagecode="1033" />
                                </labels>
                                <control id="new_answer" classid="{E0DECE4B-6FC8-4a8f-A065-082708572369}" datafieldname="new_answer" disabled="false" />
                              </cell>
                            </row>
                          </rows>
                        </section>
                        <section showlabel="true" showbar="true" id="{34d53885-5bbb-4711-a9ab-1b55928fd020}" IsUserDefined="0" ordinalvalue="2" solutionaction="Modified" />
                        <section showlabel="true" showbar="true" id="{af10583d-3e30-4e24-9e5d-d2a84638abe2}" IsUserDefined="0" locklevel="0" ordinalvalue="3" solutionaction="Modified">
                          <rows>
                            <row>
                              <cell id="{e0d2da00-1940-41ec-a875-80032bfd503a}" ordinalvalue="10002" solutionaction="Modified" />
                              <cell auto="false" showlabel="true" locklevel="0" rowspan="1" id="{be75eccd-45f3-4b40-95a5-69551b1e453a}" ordinalvalue="20001" solutionaction="Removed" />
                            </row>
                            <row>
                              <cell id="{05ad2293-47dc-4119-a655-4a317a1a7838}" ordinalvalue="10000" solutionaction="Modified" />
                              <cell auto="false" showlabel="true" locklevel="0" rowspan="1" id="{84b93c76-6856-4ab9-ad6a-173c86e9685e}" ordinalvalue="20003" solutionaction="Removed" />
                            </row>
                            <row>
                              <cell auto="false" showlabel="true" locklevel="0" rowspan="1" colspan="1" id="{fe76512f-1e10-41e0-bf1b-abc9433d861c}" ordinalvalue="10004" solutionaction="Removed" />
                              <cell id="{45b0b358-578d-4b16-bbd3-981350b17338}" ordinalvalue="20005" solutionaction="Removed" />
                            </row>
                            <row>
                              <cell id="{03290d16-d3c2-4006-85ea-a80d9bea9140}" showlabel="false" ordinalvalue="20001" solutionaction="Added">
                                <labels>
                                  <label description="" languagecode="1033" />
                                </labels>
                              </cell>
                            </row>
                            <row>
                              <cell showlabel="true" rowspan="1" colspan="1" id="{96a7ac44-83e3-4631-8f71-3cc6b426dc78}" ordinalvalue="20003" solutionaction="Added">
                                <labels>
                                  <label description="" languagecode="1033" />
                                </labels>
                              </cell>
                            </row>
                          </rows>
                        </section>
                        <section showlabel="true" showbar="true" locklevel="0" id="{f042fd35-80d9-e011-88c4-001018556d2f}" IsUserDefined="1" layout="varwidth" columns="11" labelwidth="115" ordinalvalue="0" solutionaction="Added">
                          <labels>
                            <label description="Overview" languagecode="1033" />
                          </labels>
                          <rows>
                            <row>
                              <cell auto="false" showlabel="true" locklevel="0" rowspan="1" colspan="2" id="{82172fc9-a003-4203-87e6-73c8808ae942}" ordinalvalue="10000">
                                <labels>
                                  <label description="" languagecode="1033" />
                                </labels>
                                <control id="customerid" classid="{270BD3DB-D9AF-4782-9025-509E298DEC0A}" datafieldname="customerid" disabled="false">
                                  <parameters>
                                    <AutoResolve>true</AutoResolve>
                                  </parameters>
                                </control>
                              </cell>
                            </row>
                            <row>
                              <cell auto="false" showlabel="true" locklevel="0" rowspan="1" colspan="1" id="{7163f9f4-3272-486e-8a51-11621fb6dd0d}" ordinalvalue="10001">
                                <labels>
                                  <label description="" languagecode="1033" />
                                </labels>
                                <control id="new_subject" classid="{3EF39988-22BB-4f0b-BBBE-64B5A3748AEE}" datafieldname="new_subject" disabled="false" />
                              </cell>
                              <cell auto="false" showlabel="true" locklevel="0" rowspan="1" colspan="1" id="{2cc638ed-1ebe-4002-ade0-b93c712ad0a3}" ordinalvalue="20002">
                                <labels>
                                  <label description="Action" languagecode="1033" />
                                </labels>
                                <control id="new_actiontype" classid="{3EF39988-22BB-4f0b-BBBE-64B5A3748AEE}" datafieldname="new_actiontype" disabled="false" />
                              </cell>
                            </row>
                          </rows>
                        </section>
                        <section showlabel="true" showbar="true" locklevel="0" id="{50cdb359-90b7-df11-9854-001018556d2f}" IsUserDefined="1" layout="varwidth" columns="11" labelwidth="115" ordinalvalue="4" solutionaction="Added">
                          <labels>
                            <label description="New Section" languagecode="1033" />
                          </labels>
                          <rows>
                            <row>
                              <cell auto="false" showlabel="true" locklevel="0" rowspan="1" colspan="2" id="{2e14a71d-708e-442e-9df2-e28d96f3e778}" ordinalvalue="10000">
                                <labels>
                                  <label description="" languagecode="1033" />
                                </labels>
                                <control id="new_newfield" classid="{3EF39988-22BB-4f0b-BBBE-64B5A3748AEE}" datafieldname="new_newfield" disabled="false" />
                              </cell>
                            </row>
                          </rows>
                        </section>
                      </sections>
                    </column>
                  </columns>
                </tab>
                <tab id="{ecec23bf-2417-4bdc-a019-0a6aca6c2500}" IsUserDefined="0" expanded="false" ordinalvalue="1" solutionaction="Modified">
                  <columns>
                    <column width="100%" id="0">
                      <sections>
                        <section showlabel="true" showbar="true" id="{7147a561-6867-49c1-8914-acac76cb6bbf}" IsUserDefined="0" height="auto" labelwidth="115" ordinalvalue="0" solutionaction="Modified">
                          <labels>
                            <label description="Issue/Question" languagecode="1033" solutionaction="Modified" />
                          </labels>
                          <rows />
                        </section>
                        <section labelwidth="160" showlabel="true" showbar="true" locklevel="1" id="{e7405683-b295-4b3f-8c52-6fdc8b736a9c}" IsUserDefined="0" ordinalvalue="1" solutionaction="Modified">
                          <rows>
                            <row>
                              <cell colspan="2" showlabel="false" rowspan="8" id="{cd51ce63-1e6c-453f-95db-ffaaa477984f}" ordinalvalue="10001" solutionaction="Modified" />
                            </row>
                          </rows>
                        </section>
                      </sections>
                    </column>
                  </columns>
                </tab>
              </tabs>
              <events>
                <event name="onload" application="true" active="true" solutionaction="Removed" />
                <event name="onsave" application="false" active="true" solutionaction="Added">
                  <Handlers>
                    <Handler handlerUniqueId="16ffaeae-2c31-4e43-afbc-ad1ad20177a0" functionName="Form_onsave" libraryName="Incident_main_library.js" enabled="false" passExecutionContext="false" parameters="">
                      <dependencies />
                    </Handler>
                  </Handlers>
                </event>
                <event name="onchange" application="false" active="false" attribute="new_newfield" solutionaction="Added">
                  <Handlers>
                    <Handler functionName="new_newfield_onchange" libraryName="Incident_main_library.js" handlerUniqueId="50e5f418-9ce5-44e5-9ab2-deead34ca179" enabled="false">
                      <dependencies />
                    </Handler>
                  </Handlers>
                </event>
              </events>
              <Navigation>
                <NavBar>
                  <NavBarByRelationshipItem RelationshipName="Incident_ActivityPointers" Id="navActivities" Icon="/_imgs/ico_18_act.gif" Sequence="10" Area="Info" solutionaction="Modified">
                    <Titles solutionaction="Added">
                      <Title LCID="1033" Text="Activities" />
                    </Titles>
                  </NavBarByRelationshipItem>
                  <NavBarByRelationshipItem RelationshipName="Incident_ActivityPointers" Id="navActivityHistory" TitleResourceId="Tab_Label_History" Icon="/_imgs/ico_18_history.gif" ViewId="21E2B905-6FDB-470d-8517-AD69B4C01268" Sequence="20" Area="Info" solutionaction="Modified">
                    <Titles solutionaction="Added">
                      <Title LCID="1033" Text="Closed Activities" />
                    </Titles>
                  </NavBarByRelationshipItem>
                </NavBar>
                <NavBarAreas solutionaction="Added">
                  <NavBarArea Id="Info">
                    <Titles>
                      <Title LCID="1033" Text="Common" />
                    </Titles>
                  </NavBarArea>
                  <NavBarArea Id="Sales">
                    <Titles>
                      <Title LCID="1033" Text="Sales" />
                    </Titles>
                  </NavBarArea>
                  <NavBarArea Id="Service">
                    <Titles>
                      <Title LCID="1033" Text="Service" />
                    </Titles>
                  </NavBarArea>
                  <NavBarArea Id="Marketing">
                    <Titles>
                      <Title LCID="1033" Text="Marketing" />
                    </Titles>
                  </NavBarArea>
                  <NavBarArea Id="ProcessCenter">
                    <Titles>
                      <Title LCID="1033" Text="Processes" />
                    </Titles>
                  </NavBarArea>
                </NavBarAreas>
              </Navigation>
              <formLibraries solutionaction="Added">
                <Library name="new_Json" libraryUniqueId="{09689d4c-45e8-3daa-aac0-bece08b327b1}" />
                <Library name="new_jquery" libraryUniqueId="{74ae2b3a-75ab-016d-58ae-cce97944a0a5}" />
                <Library name="Incident_main_library.js" libraryUniqueId="{69823cc6-9497-4b4f-854f-38b1c4e755c8}" />
              </formLibraries>
            </form>
            <LocalizedNames>
              <LocalizedName description="Information" languagecode="1033" />
            </LocalizedNames>
            <Descriptions>
              <Description description="A form for this entity." languagecode="1033" />
            </Descriptions>
          </systemform>
        </forms>
        <forms type="mobile">
          <systemform>
            <formid>{a273e363-e63f-42e3-a708-d9318020fc47}</formid>
            <form enablerelatedinformation="false" relatedInformationCollapsed="true">
              <tabs>
                <tab name="general" verticallayout="true" id="{ae5e0a32-2658-4ce7-82f5-5a8aee73ab9f}" IsUserDefined="0" ordinalvalue="0">
                  <columns>
                    <column width="100%" id="0">
                      <sections>
                        <section name="Mobile form section" showlabel="false" showbar="false" id="{74110a0d-e476-4284-b4b3-a921ee17e6b4}" IsUserDefined="0" ordinalvalue="0" solutionaction="Modified">
                          <rows>
                            <row>
                              <cell id="{3b4c22ac-61f1-4e92-b6d8-8e0cf7d4168d}" ordinalvalue="40003" solutionaction="Modified" />
                              <cell id="{bed6c380-69c2-4360-8304-cb9303fc2f2e}" ordinalvalue="50004" solutionaction="Modified" />
                              <cell id="{0d864d18-5072-43e4-b76e-c3fb30dba30c}" ordinalvalue="20001" solutionaction="Modified" />
                              <cell id="{04774134-4f6d-45b1-8e3c-d75879e6a356}" ordinalvalue="10000" solutionaction="Modified" />
                              <cell id="{91947f7a-c6fd-4ba6-b268-1e1f026ebe69}" ordinalvalue="100009" solutionaction="Modified" />
                              <cell id="{233c9c1d-deb7-415a-8422-caec99035d6d}" ordinalvalue="110010" solutionaction="Modified" />
                              <cell id="{52390496-4214-4386-9a2e-2a6f7dd400f7}" ordinalvalue="120011" solutionaction="Modified" />
                              <cell id="{c0de48cc-ff75-4ece-874f-0e397e7b8ec2}" ordinalvalue="150014" solutionaction="Modified" />
                              <cell id="{9cb2c12b-b674-467b-8290-5e2ee437bd34}" ordinalvalue="160015" solutionaction="Modified" />
                              <cell id="{2fc93425-20b7-4ba9-aa83-6b5e635c59e3}" ordinalvalue="170016" solutionaction="Modified" />
                            </row>
                            <row>
                              <cell id="{85e18f17-0f7c-4823-9ea8-4a3ff65e49b2}" ordinalvalue="90008" solutionaction="Added">
                                <labels>
                                  <label description="" languagecode="1033" />
                                </labels>
                                <control id="ticketnumber" classid="{4273EDBD-AC1D-40d3-9FB2-095C621B552D}" datafieldname="ticketnumber" />
                              </cell>
                              <cell id="{c139f046-c41a-4601-b719-8fe63eeceaee}" ordinalvalue="130012" solutionaction="Added">
                                <labels>
                                  <label description="" languagecode="1033" />
                                </labels>
                                <control id="contractid" classid="{270BD3DB-D9AF-4782-9025-509E298DEC0A}" datafieldname="contractid" />
                              </cell>
                              <cell id="{968af63e-e8a8-43ac-b036-8ca3fc58210e}" ordinalvalue="140013" solutionaction="Added">
                                <labels>
                                  <label description="" languagecode="1033" />
                                </labels>
                                <control id="createdon" classid="{5B773807-9FB2-42db-97C3-7A91EFF8ADFF}" datafieldname="createdon" />
                              </cell>
                            </row>
                          </rows>
                        </section>
                      </sections>
                    </column>
                  </columns>
                </tab>
              </tabs>
            </form>
            <LocalizedNames>
              <LocalizedName description="Information" languagecode="1033" />
            </LocalizedNames>
            <Descriptions>
              <Description description="This is the form that is displayed for the CRM Mobile application." languagecode="1033" />
            </Descriptions>
          </systemform>
        </forms>
      </FormXml>
      <SavedQueries>
        <savedqueries>
          <savedquery>
            <isquickfindquery>0</isquickfindquery>
            <isprivate>0</isprivate>
            <isdefault>0</isdefault>
            <returnedtypecode>112</returnedtypecode>
            <savedqueryid>{00000000-0000-0000-00aa-000010001032}</savedqueryid>
            <queryapi></queryapi>
            <layoutxml>
              <grid name="resultset" object="112" jump="title" select="1" icon="1" preview="1">
                <row name="result" id="incidentid">
                  <cell name="title" width="300" />
                  <cell name="ticketnumber" width="150" />
                  <cell name="prioritycode" width="150" />
                  <cell name="createdon" width="150" />
                  <cell name="a_f3988e48795f45c5aadb3a67169371e0.businessunitid" width="100" disableSorting="1" />
                  <cell name="createdby" width="100" />
                  <cell name="statecode" width="100" />
                </row>
              </grid>
            </layoutxml>
            <querytype>0</querytype>
            <fetchxml>
              <fetch version="1.0" output-format="xml-platform" mapping="logical">
                <entity name="incident">
                  <attribute name="prioritycode" />
                  <attribute name="ticketnumber" />
                  <attribute name="title" />
                  <attribute name="createdon" />
                  <filter>
                    <condition attribute="statecode" operator="eq" value="0" />
                  </filter>
                  <order attribute="title" descending="false" />
                  <link-entity alias="a_f3988e48795f45c5aadb3a67169371e0" name="systemuser" from="systemuserid" to="owninguser" link-type="outer" visible="false">
                    <attribute name="businessunitid" />
                  </link-entity>
                  <attribute name="statecode" />
                  <attribute name="createdby" />
                  <attribute name="incidentid" />
                </entity>
              </fetch>
            </fetchxml>
            <LocalizedNames>
              <LocalizedName description="Active Cases" languagecode="1033" />
            </LocalizedNames>
          </savedquery>
          <savedquery>
            <isquickfindquery>0</isquickfindquery>
            <isprivate>0</isprivate>
            <isdefault>0</isdefault>
            <returnedtypecode>112</returnedtypecode>
            <savedqueryid>{00000000-0000-0000-00aa-000010001030}</savedqueryid>
            <queryapi></queryapi>
            <layoutxml>
              <grid name="resultset" object="112" jump="title" select="1" icon="1" preview="1">
                <row name="result" id="incidentid">
                  <cell name="title" width="300" />
                  <cell name="statecode" width="100" />
                  <cell name="description" width="100" />
                  <cell name="ticketnumber" width="150" />
                  <cell name="prioritycode" width="150" />
                  <cell name="createdon" width="150" />
                </row>
              </grid>
            </layoutxml>
            <querytype>0</querytype>
            <fetchxml>
              <fetch version="1.0" output-format="xml-platform" mapping="logical">
                <entity name="incident">
                  <attribute name="prioritycode" />
                  <attribute name="ticketnumber" />
                  <attribute name="title" />
                  <attribute name="createdon" />
                  <order attribute="title" descending="false" />
                  <attribute name="statecode" />
                  <attribute name="description" />
                  <attribute name="incidentid" />
                </entity>
              </fetch>
            </fetchxml>
            <LocalizedNames>
              <LocalizedName description="All Cases" languagecode="1033" />
            </LocalizedNames>
          </savedquery>
          <savedquery>
            <isquickfindquery>0</isquickfindquery>
            <isprivate>0</isprivate>
            <isdefault>1</isdefault>
            <returnedtypecode>112</returnedtypecode>
            <savedqueryid>{00000000-0000-0000-00aa-000000666200}</savedqueryid>
            <queryapi></queryapi>
            <layoutxml>
              <grid name="resultset" object="112" jump="title" select="1" icon="1" preview="1">
                <row name="result" id="incidentid">
                  <cell name="title" width="300" />
                  <cell name="ticketnumber" width="150" />
                  <cell name="createdon" width="150" />
                </row>
              </grid>
            </layoutxml>
            <querytype>1</querytype>
            <fetchxml>
              <fetch version="1.0" output-format="xml-platform" mapping="logical">
                <entity name="incident">
                  <attribute name="title" />
                  <attribute name="ticketnumber" />
                  <attribute name="createdon" />
                  <attribute name="incidentid" />
                  <order attribute="title" descending="false" />
                </entity>
              </fetch>
            </fetchxml>
            <LocalizedNames>
              <LocalizedName description="Case Advanced Find View" languagecode="1033" />
            </LocalizedNames>
          </savedquery>
          <savedquery>
            <isquickfindquery>0</isquickfindquery>
            <isprivate>0</isprivate>
            <isdefault>1</isdefault>
            <returnedtypecode>112</returnedtypecode>
            <savedqueryid>{00000000-0000-0000-00aa-000010003501}</savedqueryid>
            <queryapi></queryapi>
            <layoutxml>
              <grid name="incidents" object="112" jump="title" select="1" icon="1" preview="1">
                <row name="incident" id="incidentid">
                  <cell name="title" width="300" />
                  <cell name="statecode" width="100" />
                  <cell name="ticketnumber" width="150" />
                  <cell name="createdon" width="150" />
                </row>
              </grid>
            </layoutxml>
            <querytype>2</querytype>
            <fetchxml>
              <fetch distinct="false" no-lock="false" mapping="logical">
                <entity name="incident">
                  <attribute name="title" />
                  <attribute name="statecode" />
                  <attribute name="ticketnumber" />
                  <attribute name="createdon" />
                  <attribute name="incidentid" />
                  <order attribute="title" descending="false" />
                </entity>
              </fetch>
            </fetchxml>
            <LocalizedNames>
              <LocalizedName description="Case Associated View" languagecode="1033" />
            </LocalizedNames>
            <Descriptions>
              <Description description="Displays information about cases in the detail form of any associated account, contact, product, or contract record. This view is in the Service side tab." languagecode="1033" />
            </Descriptions>
          </savedquery>
          <savedquery>
            <isquickfindquery>0</isquickfindquery>
            <isprivate>0</isprivate>
            <isdefault>1</isdefault>
            <returnedtypecode>112</returnedtypecode>
            <savedqueryid>{9ac51863-58c7-49a0-adcc-afd9a4c3ee59}</savedqueryid>
            <queryapi></queryapi>
            <layoutxml>
              <grid name="resultset" object="112" jump="title" select="1" preview="0" icon="1">
                <row name="result" id="incidentid">
                  <cell name="title" width="100" />
                  <cell name="customerid" width="150" />
                </row>
              </grid>
            </layoutxml>
            <querytype>64</querytype>
            <fetchxml>
              <fetch distinct="false" no-lock="false" mapping="logical">
                <entity name="incident">
                  <attribute name="title" />
                  <attribute name="customerid" />
                  <attribute name="incidentid" />
                  <filter type="and">
                    <condition attribute="statecode" operator="ne" value="2" />
                  </filter>
                  <order attribute="title" descending="false" />
                </entity>
              </fetch>
            </fetchxml>
            <LocalizedNames>
              <LocalizedName description="Case Lookup View" languagecode="1033" />
            </LocalizedNames>
          </savedquery>
          <savedquery>
            <IsCustomizable>1</IsCustomizable>
            <CanBeDeleted>1</CanBeDeleted>
            <isquickfindquery>0</isquickfindquery>
            <isprivate>0</isprivate>
            <isdefault>1</isdefault>
            <returnedtypecode>112</returnedtypecode>
            <savedqueryid>{12fd51ff-2e94-df11-9bf6-001f29c97f76}</savedqueryid>
            <layoutxml>
              <grid name="resultset" select="1" preview="1" icon="1" jump="title" object="112">
                <row name="result" id="incidentid">
                  <cell name="ticketnumber" width="75" disableSorting="0" />
                  <cell name="createdon" width="75" disableSorting="0" />
                  <cell name="customerid" width="100" disableSorting="0" />
                  <cell name="incidentcustomeridcontactcontactid.new_county" width="75" disableSorting="0" />
                  <cell name="title" width="300" disableSorting="0" />
                  <cell name="statecode" width="50" disableSorting="0" />
                  <cell name="ownerid" width="100" disableSorting="0" />
                  <cell name="new_requestdate" width="75" disableSorting="0" />
                  <cell name="subjectid" width="150" disableSorting="0" />
                  <cell name="new_actiontype" width="100" disableSorting="0" />
                  <cell name="followupby" width="100" disableSorting="0" />
                </row>
              </grid>
            </layoutxml>
            <querytype>0</querytype>
            <fetchxml>
              <fetch version="1.0" mapping="logical" output-format="xml-platform">
                <entity name="incident">
                  <attribute name="ticketnumber" />
                  <attribute name="createdon" />
                  <attribute name="customerid" />
                  <attribute name="title" />
                  <attribute name="statecode" />
                  <attribute name="ownerid" />
                  <attribute name="new_requestdate" />
                  <attribute name="subjectid" />
                  <attribute name="new_actiontype" />
                  <attribute name="followupby" />
                  <attribute name="incidentid" />
                  <order attribute="createdon" descending="true" />
                  <link-entity name="contact" to="customerid" from="contactid" alias="incidentcustomeridcontactcontactid" link-type="outer">
                    <attribute name="new_county" />
                  </link-entity>
                  <link-entity name="contact" to="customerid" from="contactid" alias="a_b99871e6e6bc4bac844735854440e0b5" link-type="outer" visible="false">
                    <attribute name="new_county" />
                  </link-entity>
                </entity>
              </fetch>
            </fetchxml>
            <conditionalformatting><![CDATA[<groupbyxml><column position="0"><name>HREF</name><prop>DAV:href</prop><checkbox>1</checkbox></column><column position="1"><heading>Icon</heading><prop>http://schemas.microsoft.com/mapi/proptag/0x0fff0102</prop><bitmap>1</bitmap><width>18</width><style>padding-left:3px;;text-align:center</style><editable>0</editable></column><column position="13"><heading>Categories</heading><prop>urn:schemas-microsoft-com:office:office#Keywords</prop><width>109</width><sortable>0</sortable><style>padding-left:3px;;text-align:left</style><editable>1</editable></column><column position="14"><heading>Flag Status</heading><prop>http://schemas.microsoft.com/mapi/proptag/0x10900003</prop><type>i4</type><bitmap>1</bitmap><width>50</width><style>padding-left:3px;;text-align:center</style><editable>1</editable></column></groupbyxml>]]></conditionalformatting>
            <LocalizedNames>
              <LocalizedName description="Case View" languagecode="1033" />
            </LocalizedNames>
          </savedquery>
          <savedquery>
            <isquickfindquery>0</isquickfindquery>
            <isprivate>0</isprivate>
            <isdefault>0</isdefault>
            <returnedtypecode>112</returnedtypecode>
            <savedqueryid>{00000000-0000-0000-00aa-000010001028}</savedqueryid>
            <queryapi></queryapi>
            <layoutxml>
              <grid name="resultset" object="112" jump="title" select="1" icon="1" preview="1">
                <row name="result" id="incidentid">
                  <cell name="title" width="300" />
                  <cell name="ticketnumber" width="150" />
                  <cell name="prioritycode" width="150" />
                  <cell name="createdon" width="150" />
                </row>
              </grid>
            </layoutxml>
            <querytype>0</querytype>
            <fetchxml>
              <fetch version="1.0" output-format="xml-platform" mapping="logical">
                <entity name="incident">
                  <attribute name="incidentid" />
                  <attribute name="prioritycode" />
                  <attribute name="ticketnumber" />
                  <attribute name="title" />
                  <attribute name="createdon" />
                  <order attribute="title" descending="false" />
                  <filter>
                    <condition attribute="ownerid" operator="eq-userid" />
                    <condition attribute="statecode" operator="eq" value="0" />
                  </filter>
                </entity>
              </fetch>
            </fetchxml>
            <LocalizedNames>
              <LocalizedName description="My Active Cases" languagecode="1033" />
            </LocalizedNames>
          </savedquery>
          <savedquery>
            <isquickfindquery>0</isquickfindquery>
            <isprivate>0</isprivate>
            <isdefault>0</isdefault>
            <returnedtypecode>112</returnedtypecode>
            <savedqueryid>{00000000-0000-0000-00aa-000010001029}</savedqueryid>
            <queryapi></queryapi>
            <layoutxml>
              <grid name="resultset" object="112" jump="title" select="1" icon="1" preview="1">
                <row name="result" id="incidentid">
                  <cell name="title" width="300" />
                  <cell name="ticketnumber" width="150" />
                  <cell name="prioritycode" width="150" />
                  <cell name="createdon" width="150" />
                </row>
              </grid>
            </layoutxml>
            <querytype>0</querytype>
            <fetchxml>
              <fetch version="1.0" output-format="xml-platform" mapping="logical">
                <entity name="incident">
                  <attribute name="incidentid" />
                  <attribute name="prioritycode" />
                  <attribute name="ticketnumber" />
                  <attribute name="title" />
                  <attribute name="createdon" />
                  <order attribute="title" descending="false" />
                  <filter>
                    <condition attribute="ownerid" operator="eq-userid" />
                    <condition attribute="statecode" operator="eq" value="1" />
                  </filter>
                </entity>
              </fetch>
            </fetchxml>
            <LocalizedNames>
              <LocalizedName description="My Resolved Cases" languagecode="1033" />
            </LocalizedNames>
          </savedquery>
          <savedquery>
            <isquickfindquery>1</isquickfindquery>
            <isprivate>0</isprivate>
            <isdefault>1</isdefault>
            <returnedtypecode>112</returnedtypecode>
            <savedqueryid>{d95d47ef-4a1d-479e-9065-b9cea0089048}</savedqueryid>
            <queryapi></queryapi>
            <layoutxml>
              <grid name="resultset" object="112" jump="title" select="1" icon="1" preview="1">
                <row name="result" id="incidentid">
                  <cell name="title" width="300" />
                  <cell name="ticketnumber" width="150" />
                  <cell name="prioritycode" width="150" />
                  <cell name="createdon" width="150" />
                  <cell name="description" width="100" />
                  <cell name="new_answer" width="100" />
                </row>
              </grid>
            </layoutxml>
            <querytype>4</querytype>
            <fetchxml>
              <fetch version="1.0" output-format="xml-platform" mapping="logical">
                <entity name="incident">
                  <attribute name="prioritycode" />
                  <attribute name="ticketnumber" />
                  <attribute name="title" />
                  <attribute name="createdon" />
                  <filter>
                    <condition attribute="statecode" operator="eq" value="0" />
                  </filter>
                  <filter type="or" isquickfindfields="1">
                    <condition attribute="title" operator="like" value="{0}" />
                    <condition attribute="subjectid" operator="like" value="{0}" />
                    <condition attribute="new_subject" operator="like" value="{0}" />
                    <condition attribute="description" operator="like" value="{0}" />
                    <condition attribute="customerid" operator="like" value="{0}" />
                    <condition attribute="ticketnumber" operator="like" value="{0}" />
                    <condition attribute="new_answer" operator="like" value="{0}" />
                    <condition attribute="new_actiontype" operator="like" value="{0}" />
                  </filter>
                  <order attribute="title" descending="false" />
                  <attribute name="description" />
                  <attribute name="new_answer" />
                  <attribute name="incidentid" />
                </entity>
              </fetch>
            </fetchxml>
            <LocalizedNames>
              <LocalizedName description="Quick Find Active Cases" languagecode="1033" />
            </LocalizedNames>
          </savedquery>
          <savedquery>
            <isquickfindquery>0</isquickfindquery>
            <isprivate>0</isprivate>
            <isdefault>0</isdefault>
            <returnedtypecode>112</returnedtypecode>
            <savedqueryid>{00000000-0000-0000-00aa-000010001034}</savedqueryid>
            <queryapi></queryapi>
            <layoutxml>
              <grid name="resultset" object="112" jump="title" select="1" icon="1" preview="1">
                <row name="result" id="incidentid">
                  <cell name="title" width="300" />
                  <cell name="ticketnumber" width="150" />
                  <cell name="prioritycode" width="150" />
                  <cell name="createdon" width="150" />
                  <cell name="a_1e61cc3af7804c4285b4cd54ab47f36f.businessunitid" width="100" disableSorting="1" />
                </row>
              </grid>
            </layoutxml>
            <querytype>0</querytype>
            <fetchxml>
              <fetch version="1.0" output-format="xml-platform" mapping="logical">
                <entity name="incident">
                  <attribute name="incidentid" />
                  <attribute name="prioritycode" />
                  <attribute name="ticketnumber" />
                  <attribute name="title" />
                  <attribute name="createdon" />
                  <filter>
                    <condition attribute="statecode" operator="eq" value="1" />
                  </filter>
                  <order attribute="title" descending="false" />
                  <link-entity alias="a_1e61cc3af7804c4285b4cd54ab47f36f" name="systemuser" from="systemuserid" to="owninguser" link-type="outer" visible="false">
                    <attribute name="businessunitid" />
                  </link-entity>
                </entity>
              </fetch>
            </fetchxml>
            <LocalizedNames>
              <LocalizedName description="Resolved Cases" languagecode="1033" />
            </LocalizedNames>
          </savedquery>
          <savedquery>
            <IsCustomizable>1</IsCustomizable>
            <CanBeDeleted>1</CanBeDeleted>
            <isquickfindquery>0</isquickfindquery>
            <isprivate>0</isprivate>
            <isdefault>0</isdefault>
            <returnedtypecode>112</returnedtypecode>
            <savedqueryid>{1fc7e5ef-2066-e311-8b25-000c294ba923}</savedqueryid>
            <layoutxml>
              <grid name="resultset" object="112" jump="title" select="1" preview="1" icon="1">
                <row name="result" id="incidentid">
                  <cell name="ticketnumber" width="100" />
                  <cell name="title" width="150" />
                  <cell name="subjectid" width="100" />
                  <cell name="new_subject" width="100" />
                </row>
              </grid>
            </layoutxml>
            <querytype>0</querytype>
            <fetchxml>
              <fetch version="1.0" output-format="xml-platform" mapping="logical" distinct="false">
                <entity name="incident">
                  <attribute name="subjectid" />
                  <attribute name="new_subject" />
                  <attribute name="ticketnumber" />
                  <attribute name="title" />
                  <order attribute="title" descending="false" />
                  <filter type="and">
                    <condition attribute="statecode" operator="eq" value="0" />
                  </filter>
                  <attribute name="incidentid" />
                </entity>
              </fetch>
            </fetchxml>
            <LocalizedNames>
              <LocalizedName description="Workflow View" languagecode="1033" />
            </LocalizedNames>
            <Descriptions>
              <Description description="View to update requestor type" languagecode="1033" />
            </Descriptions>
          </savedquery>
        </savedqueries>
      </SavedQueries>
      <RibbonDiffXml>
        <CustomActions />
        <Templates>
          <RibbonTemplates Id="Mscrm.Templates"></RibbonTemplates>
        </Templates>
        <CommandDefinitions />
        <RuleDefinitions>
          <TabDisplayRules />
          <DisplayRules />
          <EnableRules />
        </RuleDefinitions>
        <LocLabels />
      </RibbonDiffXml>
    </Entity>
  </Entities>
  <Roles></Roles>
  <Workflows>
    <Workflow WorkflowId="{791d7948-6c49-4029-a675-3b4765c3769e}" Name="Case Child">
      <XamlFileName>/Workflows/CaseChild-791D7948-6C49-4029-A675-3B4765C3769E.xaml</XamlFileName>
      <Type>1</Type>
      <Subprocess>1</Subprocess>
      <Category>0</Category>
      <Scope>4</Scope>
      <OnDemand>0</OnDemand>
      <TriggerOnCreate>0</TriggerOnCreate>
      <TriggerOnDelete>0</TriggerOnDelete>
      <AsyncAutodelete>0</AsyncAutodelete>
      <IsCustomizable>1</IsCustomizable>
      <PrimaryEntity>Incident</PrimaryEntity>
    </Workflow>
    <Workflow WorkflowId="{e722fcca-19f9-4dd0-b888-bcff5aff7f7f}" Name="Case Subject">
      <XamlFileName>/Workflows/CaseSubject-E722FCCA-19F9-4DD0-B888-BCFF5AFF7F7F.xaml</XamlFileName>
      <Type>1</Type>
      <Subprocess>0</Subprocess>
      <Category>0</Category>
      <Scope>4</Scope>
      <OnDemand>1</OnDemand>
      <TriggerOnCreate>0</TriggerOnCreate>
      <TriggerOnDelete>0</TriggerOnDelete>
      <AsyncAutodelete>0</AsyncAutodelete>
      <IsCustomizable>1</IsCustomizable>
      <PrimaryEntity>Incident</PrimaryEntity>
    </Workflow>
  </Workflows>
  <FieldSecurityProfiles></FieldSecurityProfiles>
  <Templates />
  <EntityMaps />
  <EntityRelationships>
    <EntityRelationship Name="Incident_ActivityPointers">
      <EntityRelationshipType>OneToMany</EntityRelationshipType>
      <ReferencingEntityName>ActivityPointer</ReferencingEntityName>
      <ReferencedEntityName>Incident</ReferencedEntityName>
      <CascadeAssign>NoCascade</CascadeAssign>
      <CascadeDelete>RemoveLink</CascadeDelete>
      <CascadeReparent>NoCascade</CascadeReparent>
      <CascadeShare>NoCascade</CascadeShare>
      <CascadeUnshare>NoCascade</CascadeUnshare>
      <ReferencingAttributeName>RegardingObjectId</ReferencingAttributeName>
      <RelationshipDescription>
        <Descriptions>
          <Description description="Unique identifier of the object with which the activity is associated." languagecode="1033" />
        </Descriptions>
      </RelationshipDescription>
      <field name="regardingobjectid" requiredlevel="none" imemode="auto" lookupstyle="single" lookupbrowse="0" format="regarding">
        <IsSecured>0</IsSecured>
        <DisplayMask>ValidForAdvancedFind|ValidForForm|ValidForGrid</DisplayMask>
        <IsAuditEnabled>1</IsAuditEnabled>
        <displaynames>
          <displayname description="Regarding" languagecode="1033" />
        </displaynames>
      </field>
      <EntityRelationshipRoles>
        <EntityRelationshipRole>
          <NavPaneDisplayOption>UseCollectionName</NavPaneDisplayOption>
          <NavPaneArea>Details</NavPaneArea>
          <NavPaneOrder>10</NavPaneOrder>
        </EntityRelationshipRole>
      </EntityRelationshipRoles>
    </EntityRelationship>
    <EntityRelationship Name="Incident_Annotation">
      <EntityRelationshipType>OneToMany</EntityRelationshipType>
      <ReferencingEntityName>Annotation</ReferencingEntityName>
      <ReferencedEntityName>Incident</ReferencedEntityName>
      <CascadeAssign>Cascade</CascadeAssign>
      <CascadeDelete>Cascade</CascadeDelete>
      <CascadeReparent>Cascade</CascadeReparent>
      <CascadeShare>Cascade</CascadeShare>
      <CascadeUnshare>Cascade</CascadeUnshare>
      <ReferencingAttributeName>ObjectId</ReferencingAttributeName>
      <RelationshipDescription>
        <Descriptions>
          <Description description="Unique identifier of the object with which the note is associated." languagecode="1033" />
        </Descriptions>
      </RelationshipDescription>
      <field name="objectid" requiredlevel="none" imemode="auto" lookupstyle="single" lookupbrowse="0">
        <IsSecured>0</IsSecured>
        <IsAuditEnabled>1</IsAuditEnabled>
        <displaynames>
          <displayname description="Regarding" languagecode="1033" />
        </displaynames>
      </field>
    </EntityRelationship>
    <EntityRelationship Name="Incident_Appointments">
      <EntityRelationshipType>OneToMany</EntityRelationshipType>
      <ReferencingEntityName>Appointment</ReferencingEntityName>
      <ReferencedEntityName>Incident</ReferencedEntityName>
      <CascadeAssign>Cascade</CascadeAssign>
      <CascadeDelete>Cascade</CascadeDelete>
      <CascadeReparent>Cascade</CascadeReparent>
      <CascadeShare>Cascade</CascadeShare>
      <CascadeUnshare>Cascade</CascadeUnshare>
      <ReferencingAttributeName>RegardingObjectId</ReferencingAttributeName>
      <RelationshipDescription>
        <Descriptions>
          <Description description="Unique identifier of the object with which the appointment is associated." languagecode="1033" />
        </Descriptions>
      </RelationshipDescription>
      <field name="regardingobjectid" requiredlevel="none" imemode="auto" lookupstyle="single" lookupbrowse="0" format="regarding">
        <IsSecured>0</IsSecured>
        <DisplayMask>ValidForAdvancedFind|ValidForForm|ValidForGrid</DisplayMask>
        <IsAuditEnabled>1</IsAuditEnabled>
        <displaynames>
          <displayname description="Regarding" languagecode="1033" />
        </displaynames>
      </field>
    </EntityRelationship>
    <EntityRelationship Name="Incident_AsyncOperations">
      <EntityRelationshipType>OneToMany</EntityRelationshipType>
      <ReferencingEntityName>AsyncOperation</ReferencingEntityName>
      <ReferencedEntityName>Incident</ReferencedEntityName>
      <CascadeAssign>NoCascade</CascadeAssign>
      <CascadeDelete>NoCascade</CascadeDelete>
      <CascadeReparent>NoCascade</CascadeReparent>
      <CascadeShare>NoCascade</CascadeShare>
      <CascadeUnshare>NoCascade</CascadeUnshare>
      <ReferencingAttributeName>RegardingObjectId</ReferencingAttributeName>
      <RelationshipDescription>
        <Descriptions>
          <Description description="Unique identifier of the object with which the system job is associated." languagecode="1033" />
        </Descriptions>
      </RelationshipDescription>
      <field name="regardingobjectid" requiredlevel="none" imemode="auto" lookupstyle="single" lookupbrowse="0" format="regarding">
        <IsSecured>0</IsSecured>
        <DisplayMask>ValidForAdvancedFind|ValidForForm|ValidForGrid</DisplayMask>
        <IsAuditEnabled>1</IsAuditEnabled>
        <displaynames>
          <displayname description="Regarding" languagecode="1033" />
        </displaynames>
      </field>
    </EntityRelationship>
    <EntityRelationship Name="Incident_BulkDeleteFailures">
      <EntityRelationshipType>OneToMany</EntityRelationshipType>
      <ReferencingEntityName>BulkDeleteFailure</ReferencingEntityName>
      <ReferencedEntityName>Incident</ReferencedEntityName>
      <CascadeAssign>NoCascade</CascadeAssign>
      <CascadeDelete>Cascade</CascadeDelete>
      <CascadeReparent>NoCascade</CascadeReparent>
      <CascadeShare>NoCascade</CascadeShare>
      <CascadeUnshare>NoCascade</CascadeUnshare>
      <ReferencingAttributeName>RegardingObjectId</ReferencingAttributeName>
      <RelationshipDescription>
        <Descriptions>
          <Description description="Unique identifier of the record that can not be deleted." languagecode="1033" />
        </Descriptions>
      </RelationshipDescription>
      <field name="regardingobjectid" requiredlevel="none" imemode="auto" lookupstyle="single" lookupbrowse="0" format="regarding">
        <IsSecured>0</IsSecured>
        <DisplayMask>ValidForAdvancedFind|ValidForForm|ValidForGrid</DisplayMask>
        <IsAuditEnabled>1</IsAuditEnabled>
        <displaynames>
          <displayname description="Name" languagecode="1033" />
        </displaynames>
      </field>
    </EntityRelationship>
    <EntityRelationship Name="incident_connections1">
      <EntityRelationshipType>OneToMany</EntityRelationshipType>
      <ReferencingEntityName>Connection</ReferencingEntityName>
      <ReferencedEntityName>Incident</ReferencedEntityName>
      <CascadeAssign>NoCascade</CascadeAssign>
      <CascadeDelete>Cascade</CascadeDelete>
      <CascadeReparent>NoCascade</CascadeReparent>
      <CascadeShare>NoCascade</CascadeShare>
      <CascadeUnshare>NoCascade</CascadeUnshare>
      <ReferencingAttributeName>Record1Id</ReferencingAttributeName>
      <RelationshipDescription>
        <Descriptions>
          <Description description="Unique identifier of the source record." languagecode="1033" />
        </Descriptions>
      </RelationshipDescription>
      <field name="record1id" requiredlevel="none" imemode="auto" lookupstyle="single" lookupbrowse="0" format="connection">
        <IsSecured>0</IsSecured>
        <DisplayMask>ValidForAdvancedFind|ValidForForm|ValidForGrid|RequiredForForm</DisplayMask>
        <IsAuditEnabled>1</IsAuditEnabled>
        <displaynames>
          <displayname description="Connected From" languagecode="1033" />
        </displaynames>
      </field>
    </EntityRelationship>
    <EntityRelationship Name="incident_connections2">
      <EntityRelationshipType>OneToMany</EntityRelationshipType>
      <ReferencingEntityName>Connection</ReferencingEntityName>
      <ReferencedEntityName>Incident</ReferencedEntityName>
      <CascadeAssign>NoCascade</CascadeAssign>
      <CascadeDelete>Cascade</CascadeDelete>
      <CascadeReparent>NoCascade</CascadeReparent>
      <CascadeShare>NoCascade</CascadeShare>
      <CascadeUnshare>NoCascade</CascadeUnshare>
      <ReferencingAttributeName>Record2Id</ReferencingAttributeName>
      <RelationshipDescription>
        <Descriptions>
          <Description description="Unique identifier of the target record." languagecode="1033" />
        </Descriptions>
      </RelationshipDescription>
      <field name="record2id" requiredlevel="none" imemode="auto" lookupstyle="single" lookupbrowse="0" format="connection">
        <IsSecured>0</IsSecured>
        <DisplayMask>ValidForAdvancedFind|ValidForForm|ValidForGrid|RequiredForForm</DisplayMask>
        <IsAuditEnabled>1</IsAuditEnabled>
        <displaynames>
          <displayname description="Connected To" languagecode="1033" />
        </displaynames>
      </field>
    </EntityRelationship>
    <EntityRelationship Name="Incident_DuplicateBaseRecord">
      <EntityRelationshipType>OneToMany</EntityRelationshipType>
      <ReferencingEntityName>DuplicateRecord</ReferencingEntityName>
      <ReferencedEntityName>Incident</ReferencedEntityName>
      <CascadeAssign>NoCascade</CascadeAssign>
      <CascadeDelete>Cascade</CascadeDelete>
      <CascadeReparent>NoCascade</CascadeReparent>
      <CascadeShare>NoCascade</CascadeShare>
      <CascadeUnshare>NoCascade</CascadeUnshare>
      <ReferencingAttributeName>BaseRecordId</ReferencingAttributeName>
      <RelationshipDescription>
        <Descriptions>
          <Description description="Unique identifier of the base record." languagecode="1033" />
        </Descriptions>
      </RelationshipDescription>
      <field name="baserecordid" requiredlevel="none" imemode="auto" lookupstyle="single" lookupbrowse="0">
        <IsSecured>0</IsSecured>
        <DisplayMask>ValidForAdvancedFind|ValidForForm|ValidForGrid</DisplayMask>
        <IsAuditEnabled>1</IsAuditEnabled>
        <displaynames>
          <displayname description="Base Record ID" languagecode="1033" />
        </displaynames>
      </field>
    </EntityRelationship>
    <EntityRelationship Name="Incident_DuplicateMatchingRecord">
      <EntityRelationshipType>OneToMany</EntityRelationshipType>
      <ReferencingEntityName>DuplicateRecord</ReferencingEntityName>
      <ReferencedEntityName>Incident</ReferencedEntityName>
      <CascadeAssign>NoCascade</CascadeAssign>
      <CascadeDelete>Cascade</CascadeDelete>
      <CascadeReparent>NoCascade</CascadeReparent>
      <CascadeShare>NoCascade</CascadeShare>
      <CascadeUnshare>NoCascade</CascadeUnshare>
      <ReferencingAttributeName>DuplicateRecordId</ReferencingAttributeName>
      <RelationshipDescription>
        <Descriptions>
          <Description description="Unique identifier of the potential duplicate record." languagecode="1033" />
        </Descriptions>
      </RelationshipDescription>
      <field name="duplicaterecordid" requiredlevel="none" imemode="auto" lookupstyle="single" lookupbrowse="0">
        <IsSecured>0</IsSecured>
        <DisplayMask>ValidForAdvancedFind|ValidForForm|ValidForGrid</DisplayMask>
        <IsAuditEnabled>1</IsAuditEnabled>
        <displaynames>
          <displayname description="Duplicate Record ID" languagecode="1033" />
        </displaynames>
      </field>
    </EntityRelationship>
    <EntityRelationship Name="Incident_Emails">
      <EntityRelationshipType>OneToMany</EntityRelationshipType>
      <ReferencingEntityName>Email</ReferencingEntityName>
      <ReferencedEntityName>Incident</ReferencedEntityName>
      <CascadeAssign>Cascade</CascadeAssign>
      <CascadeDelete>Cascade</CascadeDelete>
      <CascadeReparent>Cascade</CascadeReparent>
      <CascadeShare>Cascade</CascadeShare>
      <CascadeUnshare>Cascade</CascadeUnshare>
      <ReferencingAttributeName>RegardingObjectId</ReferencingAttributeName>
      <RelationshipDescription>
        <Descriptions>
          <Description description="Unique identifier of the object with which the e-mail is associated." languagecode="1033" />
        </Descriptions>
      </RelationshipDescription>
      <field name="regardingobjectid" requiredlevel="none" imemode="auto" lookupstyle="single" lookupbrowse="0" format="regarding">
        <IsSecured>0</IsSecured>
        <DisplayMask>ValidForAdvancedFind|ValidForForm|ValidForGrid|RequiredForForm</DisplayMask>
        <IsAuditEnabled>1</IsAuditEnabled>
        <displaynames>
          <displayname description="Regarding" languagecode="1033" />
        </displaynames>
      </field>
    </EntityRelationship>
    <EntityRelationship Name="Incident_Faxes">
      <EntityRelationshipType>OneToMany</EntityRelationshipType>
      <ReferencingEntityName>Fax</ReferencingEntityName>
      <ReferencedEntityName>Incident</ReferencedEntityName>
      <CascadeAssign>Cascade</CascadeAssign>
      <CascadeDelete>Cascade</CascadeDelete>
      <CascadeReparent>Cascade</CascadeReparent>
      <CascadeShare>Cascade</CascadeShare>
      <CascadeUnshare>Cascade</CascadeUnshare>
      <ReferencingAttributeName>RegardingObjectId</ReferencingAttributeName>
      <RelationshipDescription>
        <Descriptions>
          <Description description="Unique identifier of the object with which the fax activity is associated." languagecode="1033" />
        </Descriptions>
      </RelationshipDescription>
      <field name="regardingobjectid" requiredlevel="none" imemode="auto" lookupstyle="single" lookupbrowse="0" format="regarding">
        <IsSecured>0</IsSecured>
        <DisplayMask>ValidForAdvancedFind|ValidForForm|ValidForGrid</DisplayMask>
        <IsAuditEnabled>1</IsAuditEnabled>
        <displaynames>
          <displayname description="Regarding" languagecode="1033" />
        </displaynames>
      </field>
    </EntityRelationship>
    <EntityRelationship Name="Incident_Letters">
      <EntityRelationshipType>OneToMany</EntityRelationshipType>
      <ReferencingEntityName>Letter</ReferencingEntityName>
      <ReferencedEntityName>Incident</ReferencedEntityName>
      <CascadeAssign>Cascade</CascadeAssign>
      <CascadeDelete>Cascade</CascadeDelete>
      <CascadeReparent>Cascade</CascadeReparent>
      <CascadeShare>Cascade</CascadeShare>
      <CascadeUnshare>Cascade</CascadeUnshare>
      <ReferencingAttributeName>RegardingObjectId</ReferencingAttributeName>
      <RelationshipDescription>
        <Descriptions>
          <Description description="Unique identifier of the object with which the letter activity is associated." languagecode="1033" />
        </Descriptions>
      </RelationshipDescription>
      <field name="regardingobjectid" requiredlevel="none" imemode="auto" lookupstyle="single" lookupbrowse="0" format="regarding">
        <IsSecured>0</IsSecured>
        <DisplayMask>ValidForAdvancedFind|ValidForForm|ValidForGrid</DisplayMask>
        <IsAuditEnabled>1</IsAuditEnabled>
        <displaynames>
          <displayname description="Regarding" languagecode="1033" />
        </displaynames>
      </field>
    </EntityRelationship>
    <EntityRelationship Name="Incident_Phonecalls">
      <EntityRelationshipType>OneToMany</EntityRelationshipType>
      <ReferencingEntityName>PhoneCall</ReferencingEntityName>
      <ReferencedEntityName>Incident</ReferencedEntityName>
      <CascadeAssign>Cascade</CascadeAssign>
      <CascadeDelete>Cascade</CascadeDelete>
      <CascadeReparent>Cascade</CascadeReparent>
      <CascadeShare>Cascade</CascadeShare>
      <CascadeUnshare>Cascade</CascadeUnshare>
      <ReferencingAttributeName>RegardingObjectId</ReferencingAttributeName>
      <RelationshipDescription>
        <Descriptions>
          <Description description="Unique identifier of the object with which the phone call activity is associated." languagecode="1033" />
        </Descriptions>
      </RelationshipDescription>
      <field name="regardingobjectid" requiredlevel="none" imemode="auto" lookupstyle="single" lookupbrowse="0" format="regarding">
        <IsSecured>0</IsSecured>
        <DisplayMask>ValidForAdvancedFind|ValidForForm|ValidForGrid</DisplayMask>
        <IsAuditEnabled>1</IsAuditEnabled>
        <displaynames>
          <displayname description="Regarding" languagecode="1033" />
        </displaynames>
      </field>
    </EntityRelationship>
    <EntityRelationship Name="incident_principalobjectattributeaccess">
      <EntityRelationshipType>OneToMany</EntityRelationshipType>
      <ReferencingEntityName>PrincipalObjectAttributeAccess</ReferencingEntityName>
      <ReferencedEntityName>Incident</ReferencedEntityName>
      <CascadeAssign>NoCascade</CascadeAssign>
      <CascadeDelete>Cascade</CascadeDelete>
      <CascadeReparent>NoCascade</CascadeReparent>
      <CascadeShare>NoCascade</CascadeShare>
      <CascadeUnshare>NoCascade</CascadeUnshare>
      <ReferencingAttributeName>ObjectId</ReferencingAttributeName>
      <RelationshipDescription>
        <Descriptions>
          <Description description="Unique identifier of the entity instance with shared secured field" languagecode="1033" />
        </Descriptions>
      </RelationshipDescription>
      <field name="objectid" requiredlevel="systemrequired" imemode="auto" lookupstyle="single" lookupbrowse="0" format="regarding">
        <IsSecured>0</IsSecured>
        <DisplayMask>ValidForForm|ValidForGrid</DisplayMask>
        <IsAuditEnabled>1</IsAuditEnabled>
        <displaynames>
          <displayname description="Entity instance" languagecode="1033" />
        </displaynames>
      </field>
    </EntityRelationship>
    <EntityRelationship Name="Incident_ProcessSessions">
      <EntityRelationshipType>OneToMany</EntityRelationshipType>
      <ReferencingEntityName>ProcessSession</ReferencingEntityName>
      <ReferencedEntityName>Incident</ReferencedEntityName>
      <CascadeAssign>NoCascade</CascadeAssign>
      <CascadeDelete>NoCascade</CascadeDelete>
      <CascadeReparent>NoCascade</CascadeReparent>
      <CascadeShare>NoCascade</CascadeShare>
      <CascadeUnshare>NoCascade</CascadeUnshare>
      <ReferencingAttributeName>RegardingObjectId</ReferencingAttributeName>
      <RelationshipDescription>
        <Descriptions>
          <Description description="Unique identifier of the object with which the dialog session is associated." languagecode="1033" />
        </Descriptions>
      </RelationshipDescription>
      <field name="regardingobjectid" requiredlevel="none" imemode="auto" lookupstyle="single" lookupbrowse="0" format="regarding">
        <IsSecured>0</IsSecured>
        <DisplayMask>ValidForAdvancedFind|ValidForGrid</DisplayMask>
        <IsAuditEnabled>1</IsAuditEnabled>
        <displaynames>
          <displayname description="Regarding" languagecode="1033" />
        </displaynames>
      </field>
    </EntityRelationship>
    <EntityRelationship Name="Incident_RecurringAppointmentMasters">
      <EntityRelationshipType>OneToMany</EntityRelationshipType>
      <ReferencingEntityName>RecurringAppointmentMaster</ReferencingEntityName>
      <ReferencedEntityName>Incident</ReferencedEntityName>
      <CascadeAssign>Cascade</CascadeAssign>
      <CascadeDelete>Cascade</CascadeDelete>
      <CascadeReparent>Cascade</CascadeReparent>
      <CascadeShare>Cascade</CascadeShare>
      <CascadeUnshare>Cascade</CascadeUnshare>
      <ReferencingAttributeName>RegardingObjectId</ReferencingAttributeName>
      <RelationshipDescription>
        <Descriptions>
          <Description description="Unique identifier of the object with which the recurring appointment series is associated." languagecode="1033" />
        </Descriptions>
      </RelationshipDescription>
      <field name="regardingobjectid" requiredlevel="none" imemode="auto" lookupstyle="single" lookupbrowse="0" format="regarding">
        <IsSecured>0</IsSecured>
        <DisplayMask>ValidForAdvancedFind|ValidForForm|ValidForGrid</DisplayMask>
        <IsAuditEnabled>1</IsAuditEnabled>
        <displaynames>
          <displayname description="Regarding" languagecode="1033" />
        </displaynames>
      </field>
    </EntityRelationship>
    <EntityRelationship Name="Incident_ServiceAppointments">
      <EntityRelationshipType>OneToMany</EntityRelationshipType>
      <ReferencingEntityName>ServiceAppointment</ReferencingEntityName>
      <ReferencedEntityName>Incident</ReferencedEntityName>
      <CascadeAssign>Cascade</CascadeAssign>
      <CascadeDelete>RemoveLink</CascadeDelete>
      <CascadeReparent>Cascade</CascadeReparent>
      <CascadeShare>Cascade</CascadeShare>
      <CascadeUnshare>Cascade</CascadeUnshare>
      <ReferencingAttributeName>RegardingObjectId</ReferencingAttributeName>
      <RelationshipDescription>
        <Descriptions>
          <Description description="Unique identifier of the object with which the service activity is associated." languagecode="1033" />
        </Descriptions>
      </RelationshipDescription>
      <field name="regardingobjectid" requiredlevel="none" imemode="auto" lookupstyle="single" lookupbrowse="0" format="regarding">
        <IsSecured>0</IsSecured>
        <DisplayMask>ValidForAdvancedFind|ValidForForm|ValidForGrid</DisplayMask>
        <IsAuditEnabled>1</IsAuditEnabled>
        <displaynames>
          <displayname description="Regarding" languagecode="1033" />
        </displaynames>
      </field>
    </EntityRelationship>
    <EntityRelationship Name="Incident_Tasks">
      <EntityRelationshipType>OneToMany</EntityRelationshipType>
      <ReferencingEntityName>Task</ReferencingEntityName>
      <ReferencedEntityName>Incident</ReferencedEntityName>
      <CascadeAssign>Cascade</CascadeAssign>
      <CascadeDelete>Cascade</CascadeDelete>
      <CascadeReparent>Cascade</CascadeReparent>
      <CascadeShare>Cascade</CascadeShare>
      <CascadeUnshare>Cascade</CascadeUnshare>
      <ReferencingAttributeName>RegardingObjectId</ReferencingAttributeName>
      <RelationshipDescription>
        <Descriptions>
          <Description description="Unique identifier of the object with which the task is associated." languagecode="1033" />
        </Descriptions>
      </RelationshipDescription>
      <field name="regardingobjectid" requiredlevel="none" imemode="auto" lookupstyle="single" lookupbrowse="0" format="regarding">
        <IsSecured>0</IsSecured>
        <DisplayMask>ValidForAdvancedFind|ValidForForm|ValidForGrid</DisplayMask>
        <IsAuditEnabled>1</IsAuditEnabled>
        <displaynames>
          <displayname description="Regarding" languagecode="1033" />
        </displaynames>
      </field>
    </EntityRelationship>
    <EntityRelationship Name="kbarticle_incidents">
      <EntityRelationshipType>OneToMany</EntityRelationshipType>
      <ReferencingEntityName>Incident</ReferencingEntityName>
      <ReferencedEntityName>KbArticle</ReferencedEntityName>
      <CascadeAssign>NoCascade</CascadeAssign>
      <CascadeDelete>Restrict</CascadeDelete>
      <CascadeReparent>NoCascade</CascadeReparent>
      <CascadeShare>NoCascade</CascadeShare>
      <CascadeUnshare>NoCascade</CascadeUnshare>
      <ReferencingAttributeName>KbArticleId</ReferencingAttributeName>
      <RelationshipDescription>
        <Descriptions>
          <Description description="Unique identifier of the knowledge base article associated with the case." languagecode="1033" />
        </Descriptions>
      </RelationshipDescription>
      <field name="kbarticleid" requiredlevel="none" imemode="auto" lookupstyle="single" lookupbrowse="0" lookuptypes="127">
        <IsSecured>0</IsSecured>
        <DisplayMask>ValidForAdvancedFind|ValidForForm</DisplayMask>
        <IsAuditEnabled>1</IsAuditEnabled>
        <displaynames>
          <displayname description="Knowledge Base Article" languagecode="1033" />
        </displaynames>
      </field>
    </EntityRelationship>
    <EntityRelationship Name="userentityinstancedata_incident">
      <EntityRelationshipType>OneToMany</EntityRelationshipType>
      <ReferencingEntityName>UserEntityInstanceData</ReferencingEntityName>
      <ReferencedEntityName>Incident</ReferencedEntityName>
      <CascadeAssign>NoCascade</CascadeAssign>
      <CascadeDelete>Cascade</CascadeDelete>
      <CascadeReparent>NoCascade</CascadeReparent>
      <CascadeShare>NoCascade</CascadeShare>
      <CascadeUnshare>NoCascade</CascadeUnshare>
      <ReferencingAttributeName>ObjectId</ReferencingAttributeName>
      <RelationshipDescription>
        <Descriptions>
          <Description description="Unique identifier of the source record." languagecode="1033" />
        </Descriptions>
      </RelationshipDescription>
      <field name="objectid" requiredlevel="systemrequired" imemode="auto" lookupstyle="single" lookupbrowse="0">
        <IsSecured>0</IsSecured>
        <DisplayMask>ValidForAdvancedFind|ValidForForm|ValidForGrid|RequiredForForm</DisplayMask>
        <IsAuditEnabled>1</IsAuditEnabled>
        <displaynames>
          <displayname description="Object Id" languagecode="1033" />
        </displaynames>
      </field>
    </EntityRelationship>
  </EntityRelationships>
  <OrganizationSettings />
  <optionsets />
  <Languages>
    <Language>1033</Language>
  </Languages>
</ImportExportXml>